Variable	HR	CI_lower	CI_upper
MORC2	2.43073590771987	1.01274631991491	5.83411357503144
mut_H33A	15.1480150131723	2.34253316953019	97.9547960404384
ado	1.87733928319083	0.377316160445398	9.34071517120054
Midline	0.412238318795869	0.0299804720008789	5.66837078077564
tumor	0.288171260624018	0.0627101882692012	1.32422940739951
Male	0.0891304293200304	0.0133367026935118	0.595666981062547
