Variable	HR	CI_lower	CI_upper
prog.combined.female	0.0267109546811221	0.00286338877103283	0.249171578513806
prog.combined.male	0.0704884043924495	0.0103211856079643	0.481399651408214
Male	0.080067385987098	0.00864946422962314	0.741177271633882
Midline	0.178911503181606	0.00849408169303316	3.76842690328205
tumor	0.226292885901545	0.0219569300982998	2.33222358409817
ado	56.345442289949	2.74756447643262	1155.49931369475
mut_H33A	4677.82857913691	27.9231906845997	783652.572621598
