Variable	HR	CI_lower	CI_upper
PHKG2	0.437860218579748	0.183023474372512	1.04752448652837
mut_H33A	23.5619244791922	3.02196628707708	183.709622287059
ado	1.73000663418729	0.393365388816	7.60850608473844
Midline	0.332859269694464	0.02024115449679	5.47376353651678
tumor	0.224739677619262	0.0436499276389206	1.1571135492874
Male	0.145872017619337	0.0290163382842657	0.733333245424513
